metric,before,after
rows,38589.0,38589.0
columns,32.0,75.0
mean_of_means,48.65278187151393,0.3297146855321464
mean_of_stds,9.334427407392958,0.507652962768811
