metric,before,after
rows,38777.0,38777.0
columns,64.0,109.0
mean_of_means,14724.940223865602,7653.805790381836
mean_of_stds,4768.44655212042,2480.9263338679584
